The Sopranos,1
Game of Thrones,2
The Wire,3
Dexter,4
Breaking Bad,5
The Walking Dead,6
Boardwalk Empire,7
Rome,8
Mad Men,10
Sons of Anarchy,11
The West Wing,12
Weeds,13
Lost,14
Suits,15
Homeland,16
Spartacus: War of the Damned,17
The Simpsons,18
Family Guy,9
How I Met Your Mother,19
Oz,20
Firefly,21
Futurama,22
South Park,23
Entourage,24
Californication,25
Seinfeld,26
Carnivale,27
Jericho,28
Flashforward,29
True Blood,30
The Vampire Diaries,31
Arrested Development,32
Deadwood,33
Six Feet Under,34
Boss,35
Hell on Wheels,36
The Shield,37
Blue Bloods,38
Misfits,39
Shameless,40
The Big Bang Theory,41
Rescue Me,42
The Borgias,43
It's Always Sunny in Philadelphia,44
The X-Files,45
Curb Your Enthusiasm,46
Episodes,47
American Horror Story,48
House of Lies,49
Luther,50
Justified,51
24,52
Sherlock,53
The Killing,54
Scrubs,55
House M.D.,56
Grey's Anatomy,57
ER,58
Friends,59
Fringe,60
Supernatural,61
Twin Peaks,62
Buffy the Vampire Slayer,63
Angel,64
Monk,65
Veronica Mars,66
Friday Night Lights,67
Doctor Who,68
Battlestar Galactica,69
Party Down,70
Community,71
Parks and Recreation,72
Louie,73
Archer,74
Happy Endings,75
Nip/Tuck,76
Malcolm in the Middle,77
Prison Break,78
The Newsroom,79
Modern Family,80
Numb3rs,81
The Mentalist,82
The Good Wife,83
Burn Notice,84
White Collar,85
Dallas,86
Freaks and Geeks,87
The League,88
Heroes,89
Desperate Housewives,90
Being Human,91
NCIS: Los Angeles,92
CSI: Miami,93
Psych,94
The Following,95
Roswell,96
M*A*S*H,97
Criminal Minds,98
The Office,99
Warehouse 13,100
Eureka,101
Only Fools and Horses....,102
Peep Show,103
The IT Crowd,104
Spaced,105
House of Cards,106
Revenge,107
The Americans,108
Lie to Me,109
Southland,110
Stargate SG-1,111
New Girl,112
Person of Interest,113
Last Resort,114
Chuck,115
30 Rock,116
Raising Hope,117
Star Trek,118
Star Trek: The Next Generation,119
Star Trek: Voyager,120
Vikings,121
Hannibal,122
Bates Motel,123
Arrow,124
Once Upon a Time,125
Revolution,126
Bones,127
Two and a Half Men,128
Glee,129
Castle,130
Downton Abbey,131
Grimm,132
Pretty Little Liars,133
Elementary,134
Beauty and the Beast,135
Nikita,136
Girls,137
2 Broke Girls,138
90210,139
Anger Management,140
Banshee,141
Body of Proof,142
One Tree Hill,143
Teen Wolf,144
Falling Skies,145
Cougar Town,146
The Mindy Project,147
The Tudors,148
MythBusters,149
Sex and the City,150
Charmed,151
Switched at Birth,152
Parenthood,153
666 Park Avenue,154
Coupling,155
Black Books,156
Mr. Bean,157
Life,158
Blindspot,159
The Catch,160
Code Black,161
Limitless,162
Lucifer,163
Quantico,164
Supergirl,165
The Flash,166
Gotham,167
The 100,168
Black Sails,169
How to Get Away with Murder,170
Outlander,171
Scorpion,172
Fargo,173
Bosch,174
True Detective,175
Penny Dreadful,176
Broad City,177
Silicon Valley,178
Marco Polo,179
Kingdom,180
Forever,181
Narcos,182
Da Vinci's Demons,183
Last Man on Earth,184
Sense8,185
Death Note,186
The Blacklist,187
Orange Is the New Black,188
Orphan Black,189
Daredevil,190
Jessica Jones,191
And Then There Were None,192
Fear the Walking Dead,193
Agents of S.H.I.E.L.D.,194
Band of Brothers,195
Fullmetal Alchemist: Brotherhood,196
TVF Pitchers,198
Rick and Morty,197
Black Mirror,199
Better Call Saul,200